County,Year,Crime_Type,Anti_Male,Anti_Female,Anti_Transgender,Anti_Gender Non_Conforming,Anti_Age,Anti_White,Anti_Black,Anti_American_Indian_Alaskan_Native,Anti_Asian,Anti_Native Hawaiian_Pacific_Islander,Anti_Multi_Racial_Groups,Anti_Other_Race,Anti_Jewish,Anti_Catholic,Anti_Protestant,Anti_Islamic_Muslim,Anti_Multi_Religious_Groups,Anti_Atheism_Agnosticism,Anti_Religious_Practice_Generally,Anti_Other_Religion,Anti_Buddhist,"Anti_Eastern_Orthodox_Greek_Russian_etc",Anti_Hindu,Anti_Jehovahs_Witness,Anti_Mormon,Anti_Other_Christian,Anti_Sikh,Anti_Hispanic,Anti_Arab,Anti_Other_Ethnicity_National_Origin,Anti_Non_Hispanic,Anti_Male_Homosexual,Anti_Female_Homosexual,Anti_LGBT_Mixed_Group,Anti_Heterosexual,Anti_Bisexual,Anti_Physical_Disability,Anti_Mental_Disability,Total_Incidents,Total_Victims,Total_Offenders,FIPS
Albany,2010,Crimes Against Persons,0,0,0,0,0,0,9,0,0,0,0,0,0,0,0,0,0,0,0,1,0,0,0,0,0,0,0,0,0,0,0,2,1,0,0,0,0,0,13,13,20,36001
Albany,2010,Property Crimes,0,0,0,0,0,0,1,0,0,0,0,0,1,0,0,0,0,0,0,0,0,0,0,0,0,0,0,0,0,0,0,0,0,0,0,0,0,0,2,2,2,36001
Albany,2011,Crimes Against Persons,0,0,0,0,0,0,4,0,0,0,0,0,1,0,0,0,0,0,0,0,0,0,0,0,0,0,0,0,0,0,0,2,0,0,0,0,0,0,7,7,7,36001
Albany,2011,Property Crimes,0,0,0,0,0,0,1,0,0,0,1,0,0,1,0,0,0,0,0,0,0,0,0,0,0,0,0,0,0,0,0,0,0,0,0,0,0,0,3,3,3,36001
Albany,2012,Crimes Against Persons,0,0,0,0,0,0,1,0,1,0,0,0,0,0,0,0,0,0,0,0,0,0,0,0,0,0,0,1,0,0,0,0,1,1,0,0,0,0,5,5,8,36001
Albany,2012,Property Crimes,0,0,0,0,0,0,1,0,0,0,0,0,0,0,0,0,0,0,0,0,0,0,0,0,0,0,0,0,0,0,0,1,1,0,0,0,0,0,3,3,3,36001
Albany,2013,Crimes Against Persons,0,0,0,0,0,1,0,0,0,0,0,0,0,0,0,1,0,0,0,0,0,0,0,0,0,0,0,0,0,0,0,1,0,0,0,0,0,0,3,3,3,36001
Albany,2013,Property Crimes,0,0,0,0,0,0,1,0,0,0,0,0,1,0,0,0,0,0,0,0,0,0,0,0,0,0,0,0,0,0,0,0,0,0,0,0,0,0,2,2,2,36001
Albany,2014,Crimes Against Persons,0,0,0,0,0,0,1,0,0,0,0,0,0,1,0,0,0,0,0,0,0,0,0,0,0,0,0,0,0,0,0,1,0,0,0,0,0,0,3,3,3,36001
Albany,2014,Property Crimes,0,0,0,0,1,0,0,0,0,0,0,0,0,0,0,0,0,0,0,0,0,0,0,0,0,0,0,0,0,0,0,0,0,0,0,0,0,0,1,1,1,36001
Albany,2015,Crimes Against Persons,0,0,0,0,0,2,1,0,0,0,0,0,0,0,0,0,0,0,0,0,0,0,0,0,0,0,0,0,0,0,0,0,0,0,0,0,0,0,3,3,4,36001
Allegany,2013,Crimes Against Persons,0,0,0,0,0,0,0,1,0,0,0,0,0,0,0,0,0,0,0,0,0,0,0,0,0,0,0,0,0,0,0,0,0,0,0,0,0,0,1,1,1,36003
Bronx,2010,Crimes Against Persons,0,0,0,0,0,0,0,0,0,0,1,0,5,0,0,1,0,0,0,1,0,0,0,0,0,0,0,2,0,0,0,12,0,0,0,0,0,0,22,22,36,36005
Bronx,2010,Property Crimes,0,0,0,0,0,0,1,0,0,0,2,0,1,1,0,0,0,0,0,0,0,0,0,0,0,0,0,0,0,0,0,1,0,0,0,0,0,0,6,6,7,36005
Bronx,2011,Crimes Against Persons,0,0,0,0,0,2,3,0,0,0,0,0,3,0,0,0,0,0,0,0,0,0,0,0,0,0,0,0,0,0,0,1,2,0,0,0,0,0,11,11,17,36005
Bronx,2011,Property Crimes,0,0,0,0,0,0,1,0,0,0,1,0,3,0,0,0,0,0,0,0,0,0,0,0,0,0,0,0,0,0,0,1,1,0,0,0,0,0,7,7,7,36005
Bronx,2012,Crimes Against Persons,0,0,0,0,0,0,2,0,0,0,0,0,2,0,0,1,0,0,0,0,0,0,0,0,0,0,0,0,0,0,0,4,0,0,0,0,0,0,9,10,12,36005
Bronx,2012,Property Crimes,0,0,0,0,0,0,6,0,0,0,1,0,9,0,0,1,0,0,0,1,0,0,0,0,0,0,0,0,0,0,0,0,0,1,0,0,0,0,19,19,19,36005
Bronx,2013,Crimes Against Persons,0,0,0,0,0,2,2,0,0,0,0,0,1,1,0,1,0,0,0,0,0,0,0,0,0,0,0,0,0,0,0,9,2,0,0,0,0,0,18,20,24,36005
Bronx,2013,Property Crimes,0,0,0,0,0,0,1,0,0,0,0,0,4,1,0,0,0,0,0,0,0,0,0,0,0,0,0,0,0,0,0,0,0,0,0,0,0,0,6,6,6,36005
Bronx,2014,Crimes Against Persons,0,0,0,2,0,1,4,0,0,0,1,0,0,0,0,0,0,0,0,0,0,0,0,0,0,0,0,3,0,1,0,5,0,0,0,0,0,0,17,17,22,36005
Bronx,2014,Property Crimes,0,0,0,0,0,0,1,0,0,0,0,0,5,2,0,1,0,0,0,1,0,0,0,0,0,0,0,0,0,0,0,1,0,0,0,0,0,0,11,11,11,36005
Bronx,2015,Crimes Against Persons,0,0,0,0,0,1,2,0,1,0,0,0,0,0,0,3,0,0,0,0,0,0,0,0,0,0,0,4,0,1,0,6,2,0,0,0,0,0,20,22,28,36005
Bronx,2015,Property Crimes,0,0,0,0,0,0,3,0,0,0,0,0,6,0,0,0,0,0,0,0,0,0,0,0,0,0,0,0,0,1,0,1,0,0,0,0,0,0,11,11,11,36005
Broome,2010,Crimes Against Persons,0,0,0,0,0,0,1,0,0,0,0,0,0,0,0,0,0,0,0,0,0,0,0,0,0,0,0,0,0,0,0,0,1,0,0,0,0,0,2,2,2,36007
Broome,2011,Crimes Against Persons,0,0,0,0,0,0,0,0,0,0,0,0,0,0,0,0,0,0,0,0,0,0,0,0,0,0,0,0,0,0,0,1,0,0,0,0,0,0,1,1,1,36007
Broome,2011,Property Crimes,0,0,0,0,0,0,0,0,0,0,0,0,1,0,0,0,0,0,0,0,0,0,0,0,0,0,0,0,0,0,0,0,0,0,0,0,0,0,1,1,1,36007
Broome,2012,Crimes Against Persons,0,0,0,0,0,0,2,0,0,0,0,0,0,0,0,0,0,0,0,0,0,0,0,0,0,0,0,0,0,0,0,0,0,0,0,0,0,0,2,2,3,36007
Broome,2012,Property Crimes,0,0,0,0,0,0,1,0,0,0,0,0,0,0,0,0,0,0,0,0,0,0,0,0,0,0,0,0,0,0,0,0,0,0,0,0,0,0,1,1,1,36007
Broome,2013,Crimes Against Persons,0,0,0,0,0,0,1,0,0,0,0,0,0,0,0,0,0,0,0,0,0,0,0,0,0,0,0,0,0,0,0,0,1,0,0,0,0,0,2,2,2,36007
Broome,2013,Property Crimes,0,0,0,1,0,0,0,0,0,0,0,0,2,0,0,0,0,0,0,0,0,0,0,0,0,0,0,0,0,0,0,0,0,0,0,0,0,0,3,3,3,36007
Broome,2014,Property Crimes,0,0,0,0,0,0,0,0,0,0,0,0,1,0,0,0,0,0,0,0,0,0,0,0,0,0,0,0,0,0,0,0,0,0,0,0,0,0,1,1,1,36007
Broome,2015,Crimes Against Persons,0,0,0,0,0,0,1,0,0,0,0,0,1,0,0,0,0,0,0,0,0,0,0,0,0,0,0,0,0,0,0,1,0,0,0,0,0,0,3,3,3,36007
Cattaraugus,2011,Crimes Against Persons,0,0,0,0,0,0,1,0,0,0,0,0,0,0,0,0,0,0,0,0,0,0,0,0,0,0,0,0,0,0,0,0,0,0,0,0,0,0,1,1,1,36009
Cattaraugus,2012,Crimes Against Persons,0,0,0,0,0,0,1,0,0,0,0,0,0,0,0,0,0,0,0,0,0,0,0,0,0,0,0,0,0,0,0,0,0,0,0,0,0,0,1,1,1,36009
Cattaraugus,2013,Crimes Against Persons,0,0,0,0,0,1,0,0,0,0,0,0,0,0,0,0,0,0,0,0,0,0,0,0,0,0,0,0,0,0,0,0,0,0,0,0,0,0,1,1,1,36009
Cattaraugus,2015,Crimes Against Persons,0,0,0,0,0,0,1,0,0,0,0,0,0,0,0,0,0,0,0,0,0,0,0,0,0,0,0,0,0,0,0,1,0,0,0,0,0,0,2,2,2,36009
Cayuga,2010,Crimes Against Persons,0,0,0,0,0,1,0,0,0,0,0,0,0,0,0,0,0,0,0,0,0,0,0,0,0,0,0,0,0,0,0,0,0,0,0,0,0,0,1,1,1,36011
Cayuga,2012,Crimes Against Persons,0,0,0,0,0,0,3,0,0,0,0,0,0,0,0,0,0,0,0,0,0,0,0,0,0,0,0,0,0,0,0,1,0,0,0,0,0,0,4,4,4,36011
Cayuga,2015,Crimes Against Persons,0,0,0,0,0,0,0,0,0,0,0,0,0,0,0,0,0,0,0,0,0,0,0,0,0,0,0,0,0,0,0,0,1,0,0,0,0,0,1,1,1,36011
Chautauqua,2010,Crimes Against Persons,0,0,0,0,0,0,1,0,0,0,0,0,0,0,0,0,0,0,0,0,0,0,0,0,0,0,0,0,0,0,0,0,0,0,0,0,0,0,1,1,1,36013
Chautauqua,2011,Crimes Against Persons,0,0,0,0,0,0,1,0,0,0,0,0,0,0,0,0,0,0,0,0,0,0,0,0,0,0,0,0,0,0,0,0,0,0,0,0,0,0,1,1,2,36013
Chautauqua,2013,Crimes Against Persons,0,0,0,0,0,0,2,0,0,0,0,0,0,0,0,0,0,0,0,0,0,0,0,0,0,0,0,0,0,0,0,0,0,0,0,0,0,0,2,2,2,36013
Chautauqua,2013,Property Crimes,0,0,0,0,0,0,1,0,0,0,0,0,0,0,0,0,0,0,0,0,0,0,0,0,0,0,0,0,0,0,0,0,0,0,0,0,0,0,1,1,1,36013
Chautauqua,2015,Crimes Against Persons,0,0,0,0,0,0,1,0,0,0,0,0,0,0,0,0,0,0,0,0,0,0,0,0,0,0,0,0,0,0,0,0,0,0,0,0,0,0,1,1,1,36013
Chemung,2010,Crimes Against Persons,0,0,0,0,0,0,0,0,0,0,0,0,0,0,0,0,0,0,0,0,0,0,0,0,0,0,0,0,0,0,0,1,0,0,0,0,0,0,1,1,1,36015
Chemung,2011,Crimes Against Persons,0,0,0,0,0,0,1,0,0,0,0,0,0,0,0,0,0,0,0,0,0,0,0,0,0,0,0,0,0,0,0,0,0,0,0,0,0,0,1,1,1,36015
Chenango,2010,Crimes Against Persons,0,0,0,0,0,0,2,0,0,0,0,0,0,0,0,0,0,0,0,0,0,0,0,0,0,0,0,0,0,0,0,0,0,0,0,0,0,0,2,2,2,36017
Chenango,2010,Property Crimes,0,0,0,0,0,0,0,0,0,0,0,0,0,0,0,0,0,0,0,0,0,0,0,0,0,0,0,1,0,0,0,0,0,0,0,0,0,0,1,1,1,36017
Chenango,2012,Crimes Against Persons,0,0,0,0,0,0,1,0,0,0,0,0,0,0,0,0,0,0,0,0,0,0,0,0,0,0,0,0,0,0,0,0,0,0,0,0,0,0,1,1,1,36017
Chenango,2014,Property Crimes,0,0,0,0,0,0,1,0,0,0,0,0,0,0,0,0,0,0,0,0,0,0,0,0,0,0,0,0,0,0,0,0,0,0,0,0,0,0,1,1,1,36017
Clinton,2010,Crimes Against Persons,0,0,0,0,0,0,1,0,0,0,0,0,0,0,0,1,0,0,0,0,0,0,0,0,0,0,0,0,0,0,0,2,0,0,0,0,0,0,4,4,4,36019
Clinton,2010,Property Crimes,0,0,0,0,0,0,1,0,0,0,0,0,1,0,0,0,0,0,0,0,0,0,0,0,0,0,0,0,0,0,0,0,0,0,0,0,0,0,2,2,2,36019
Clinton,2011,Crimes Against Persons,0,0,0,0,0,0,2,0,0,0,0,0,0,0,0,0,0,0,0,0,0,0,0,0,0,0,0,0,1,0,0,0,0,1,0,0,0,0,4,4,4,36019
Clinton,2011,Property Crimes,0,0,0,0,0,0,0,0,0,0,0,0,1,0,0,0,0,0,0,0,0,0,0,0,0,0,0,0,0,0,0,0,0,0,0,0,0,0,1,1,1,36019
Clinton,2012,Crimes Against Persons,0,0,0,0,0,0,0,0,1,0,0,0,0,0,0,0,0,0,0,0,0,0,0,0,0,0,0,0,0,0,0,0,0,0,0,0,0,0,1,1,1,36019
Clinton,2014,Property Crimes,0,0,0,0,0,0,1,0,0,0,0,0,0,0,0,0,0,0,0,0,0,0,0,0,0,0,0,0,0,0,0,0,0,0,0,0,0,0,1,1,1,36019
Columbia,2010,Crimes Against Persons,0,0,0,0,0,0,0,0,0,0,0,0,0,0,0,0,0,0,0,0,0,0,0,0,0,0,0,0,0,0,0,1,0,0,0,0,0,0,1,1,1,36021
Columbia,2010,Property Crimes,0,0,0,0,0,0,0,0,0,0,0,0,1,0,0,0,0,0,0,0,0,0,0,0,0,0,0,0,0,0,0,0,0,0,0,0,0,0,1,1,3,36021
Columbia,2011,Property Crimes,0,0,0,0,0,0,1,0,0,0,0,0,0,0,0,0,0,0,0,0,0,0,0,0,0,0,0,0,0,0,0,0,0,0,0,0,0,0,1,1,1,36021
Columbia,2012,Crimes Against Persons,0,0,0,1,0,0,0,0,0,0,0,0,0,0,0,0,0,0,0,0,0,0,0,0,0,0,0,0,0,0,0,0,0,0,0,0,0,0,1,1,1,36021
Columbia,2014,Crimes Against Persons,0,0,0,0,0,0,0,0,0,0,0,0,0,0,0,0,0,0,0,0,0,0,0,0,0,0,0,0,0,0,0,0,1,0,0,0,0,0,1,1,1,36021
Cortland,2010,Crimes Against Persons,0,0,0,0,0,0,2,0,0,0,0,0,0,0,0,0,0,0,0,0,0,0,0,0,0,0,0,0,0,0,0,0,0,0,0,0,0,0,2,2,2,36023
Cortland,2010,Property Crimes,0,0,0,0,0,0,0,0,0,0,0,0,0,0,0,0,0,0,0,0,0,0,0,0,0,0,0,0,0,0,0,0,0,2,0,0,0,0,2,2,2,36023
Cortland,2011,Crimes Against Persons,0,0,0,1,0,0,0,0,0,0,0,0,0,0,0,0,0,0,0,0,0,0,0,0,0,0,0,0,0,0,0,0,0,0,0,0,0,0,1,1,1,36023
Cortland,2012,Crimes Against Persons,0,0,0,0,0,0,0,0,0,0,0,0,0,0,0,0,0,0,0,0,0,0,0,0,0,0,0,0,0,0,0,1,0,0,0,0,0,0,1,1,1,36023
Cortland,2013,Crimes Against Persons,0,0,0,0,0,0,1,0,0,0,0,0,0,0,0,0,0,0,0,0,0,0,0,0,0,0,0,0,0,0,0,0,0,0,0,0,0,0,1,1,1,36023
Cortland,2013,Property Crimes,0,0,0,0,0,0,1,0,0,0,0,0,1,0,0,0,0,0,0,0,0,0,0,0,0,0,0,0,0,0,0,0,0,0,0,0,0,0,2,2,2,36023
Cortland,2014,Property Crimes,0,0,0,0,0,0,0,0,0,0,0,0,2,0,0,0,0,0,0,0,0,0,0,0,0,0,0,0,0,0,0,0,0,0,0,0,0,0,2,2,2,36023
Delaware,2015,Crimes Against Persons,0,0,0,0,0,0,0,0,0,0,0,0,0,0,0,1,0,0,0,0,0,0,0,0,0,0,0,0,0,0,0,0,0,0,0,0,0,0,1,1,1,36025
Dutchess,2010,Crimes Against Persons,0,0,0,0,0,1,3,0,0,0,0,0,0,0,0,0,0,0,0,0,0,0,0,0,0,0,0,5,1,0,0,0,0,0,0,0,0,0,10,10,18,36027
Dutchess,2010,Property Crimes,0,0,0,0,0,0,0,0,0,0,0,0,1,0,0,0,0,0,0,0,0,0,0,0,0,0,0,0,0,0,0,1,0,0,0,0,0,0,2,2,2,36027
Dutchess,2011,Crimes Against Persons,0,0,0,1,0,1,3,0,0,0,0,0,2,0,0,0,0,0,0,0,0,0,0,0,0,0,0,0,0,0,0,0,0,0,0,0,0,0,7,8,8,36027
Dutchess,2011,Property Crimes,0,0,0,0,0,0,2,0,0,0,1,0,3,0,0,0,0,0,0,0,0,0,0,0,0,0,0,0,0,0,0,0,0,0,0,0,0,0,6,6,6,36027
Dutchess,2012,Crimes Against Persons,0,0,0,0,0,0,4,0,0,0,0,0,0,0,0,0,0,0,0,0,0,0,0,0,0,0,0,0,0,0,0,0,0,0,0,0,0,0,4,4,4,36027
Dutchess,2012,Property Crimes,0,0,0,0,0,0,2,0,0,0,0,0,3,0,0,0,0,0,0,0,0,0,0,0,0,0,0,0,0,0,0,0,0,0,0,0,0,0,5,5,5,36027
Dutchess,2013,Crimes Against Persons,0,0,0,0,0,0,2,0,0,0,0,0,0,0,0,0,0,0,0,0,0,0,0,0,0,0,0,0,1,1,0,0,0,0,0,0,1,0,5,7,5,36027
Dutchess,2013,Property Crimes,0,0,0,1,0,0,1,0,0,0,0,0,2,0,0,0,0,0,0,0,0,0,0,0,0,0,0,0,0,0,0,0,0,1,0,0,0,0,5,5,5,36027
Dutchess,2014,Crimes Against Persons,0,0,0,0,0,0,2,0,0,0,0,0,1,0,0,0,0,0,0,0,0,0,0,0,0,0,0,0,0,0,0,0,0,0,0,0,0,0,3,3,3,36027
Dutchess,2015,Crimes Against Persons,0,0,0,0,0,0,2,0,0,0,0,0,1,0,0,0,0,0,0,0,0,0,0,0,0,0,0,1,0,0,0,0,0,0,0,0,0,0,4,4,4,36027
Dutchess,2015,Property Crimes,0,0,0,0,0,0,0,0,0,0,0,0,0,0,0,0,0,0,0,0,0,0,0,0,0,0,0,0,0,1,0,0,0,0,0,0,0,0,1,1,1,36027
Erie,2010,Crimes Against Persons,0,0,0,0,0,11,18,0,0,0,1,0,0,0,0,0,0,0,0,0,0,0,0,0,0,0,0,3,1,0,0,5,2,0,0,0,0,0,41,42,52,36029
Erie,2010,Property Crimes,0,0,0,0,0,1,3,0,2,0,0,0,2,0,0,1,0,0,0,0,0,0,0,0,0,0,0,0,0,0,0,0,0,1,0,0,0,0,10,10,10,36029
Erie,2011,Crimes Against Persons,0,0,0,0,0,3,10,0,0,0,0,0,2,0,0,0,0,0,0,0,0,0,0,0,0,0,0,4,1,1,0,5,1,1,0,0,0,1,29,31,34,36029
Erie,2011,Property Crimes,0,0,0,0,0,0,2,0,0,0,0,0,0,0,0,0,0,0,0,0,0,0,0,0,0,0,0,1,1,0,0,0,1,0,0,0,0,0,5,5,5,36029
Erie,2012,Crimes Against Persons,0,0,0,1,0,9,18,0,4,0,0,0,0,0,0,0,0,0,0,0,0,0,0,0,0,0,0,1,1,0,0,7,1,0,0,0,0,0,42,46,54,36029
Erie,2012,Property Crimes,0,0,0,0,0,1,1,0,0,0,0,0,1,0,0,0,0,0,0,0,0,0,0,0,0,0,0,1,2,0,0,1,0,0,0,0,0,0,7,7,9,36029
Erie,2013,Crimes Against Persons,0,1,0,0,0,6,7,0,0,0,0,0,0,0,0,1,0,0,0,0,0,0,0,0,0,0,0,1,1,1,0,0,2,1,0,0,0,0,21,22,23,36029
Erie,2013,Property Crimes,0,0,0,0,0,0,4,0,0,0,0,0,0,0,0,0,0,0,0,0,0,0,0,0,0,0,0,0,0,0,0,0,0,0,0,0,0,0,4,4,4,36029
Erie,2014,Crimes Against Persons,0,0,0,0,0,2,8,0,0,0,0,0,0,0,0,0,0,0,0,0,0,0,0,0,0,0,0,0,1,0,0,3,1,2,0,0,0,0,17,17,22,36029
Erie,2014,Property Crimes,0,0,0,0,0,0,4,0,0,0,0,0,1,0,0,0,0,0,0,0,0,0,0,0,0,0,0,0,0,0,0,0,0,0,0,0,0,0,5,5,5,36029
Erie,2015,Crimes Against Persons,0,0,0,0,0,1,2,0,0,0,0,0,0,0,0,1,0,0,0,0,0,0,0,0,0,0,0,1,0,0,0,1,0,0,0,0,0,0,6,6,6,36029
Erie,2015,Property Crimes,0,0,0,0,0,0,2,0,0,0,1,0,0,0,0,0,0,0,0,0,0,0,0,0,0,0,0,0,0,0,0,2,0,0,0,0,0,0,5,6,5,36029
Essex,2010,Crimes Against Persons,0,0,0,0,0,0,0,0,1,0,0,0,0,0,0,0,0,0,0,0,0,0,0,0,0,0,0,0,0,0,0,0,0,0,0,0,0,0,1,1,1,36031
Essex,2011,Crimes Against Persons,0,0,0,0,0,0,1,0,0,0,0,0,0,0,0,0,0,0,0,0,0,0,0,0,0,0,0,0,0,0,0,0,0,0,0,0,0,0,1,1,1,36031
Essex,2014,Crimes Against Persons,0,0,0,0,0,0,1,0,0,0,0,0,1,0,0,0,0,0,0,0,0,0,0,0,0,0,0,0,0,0,0,0,0,0,0,0,0,0,2,3,2,36031
Essex,2014,Property Crimes,0,0,0,0,0,0,1,0,0,0,0,0,0,0,0,0,0,0,0,0,0,0,0,0,0,0,0,0,0,0,0,0,0,0,0,0,0,0,1,1,1,36031
Franklin,2010,Crimes Against Persons,0,0,0,0,0,0,1,0,0,0,0,0,0,0,0,0,0,0,0,0,0,0,0,0,0,0,0,0,0,0,0,0,0,0,0,0,0,0,1,1,1,36033
Franklin,2012,Crimes Against Persons,0,0,0,0,0,0,2,0,0,0,0,0,0,0,0,0,0,0,0,0,0,0,0,0,0,0,0,0,0,0,0,0,0,0,0,0,0,0,2,2,3,36033
Franklin,2013,Property Crimes,0,0,0,0,0,0,1,0,0,0,0,0,1,0,0,0,0,0,0,0,0,0,0,0,0,0,0,0,0,0,0,0,0,0,0,0,0,0,2,2,2,36033
Franklin,2015,Crimes Against Persons,0,0,0,0,0,0,2,0,0,0,0,0,0,0,0,0,0,0,0,0,0,0,0,0,0,0,0,0,0,0,0,0,0,0,0,0,0,0,2,3,3,36033
Fulton,2012,Crimes Against Persons,0,0,0,0,0,0,1,0,0,0,0,0,0,0,0,0,0,0,0,0,0,0,0,0,0,0,0,0,0,0,0,0,0,0,0,0,0,0,1,1,1,36035
Genesee,2013,Crimes Against Persons,0,0,0,0,0,0,1,0,0,0,0,0,0,0,0,0,0,0,0,0,0,0,0,0,0,0,0,0,0,0,0,0,0,0,0,0,0,0,1,1,1,36037
Greene,2015,Crimes Against Persons,0,0,0,0,0,0,1,0,0,0,0,0,0,0,0,0,0,0,0,0,0,0,0,0,0,0,0,0,0,0,0,0,0,0,0,0,0,0,1,1,1,36039
Herkimer,2010,Crimes Against Persons,0,0,0,0,0,0,1,0,0,0,0,0,0,0,0,0,0,0,0,0,0,0,0,0,0,0,0,0,0,0,0,0,0,0,0,0,0,0,1,1,1,36043
Herkimer,2013,Property Crimes,0,0,0,0,0,0,1,0,0,0,0,0,0,0,0,0,0,0,0,0,0,0,0,0,0,0,0,0,0,0,0,0,0,0,0,0,0,0,1,1,1,36043
Herkimer,2014,Crimes Against Persons,0,0,0,0,0,0,0,0,0,0,0,0,0,0,0,0,0,0,0,0,0,0,0,0,0,0,0,0,1,0,0,0,0,0,0,0,0,0,1,1,1,36043
Jefferson,2012,Crimes Against Persons,0,0,0,0,0,0,1,0,0,0,0,0,0,0,0,0,0,0,0,0,0,0,0,0,0,0,0,0,0,0,0,0,0,0,0,0,0,0,1,1,1,36045
Jefferson,2013,Crimes Against Persons,0,0,0,0,0,0,0,0,0,0,0,0,0,0,0,0,0,0,0,0,0,0,0,0,0,0,0,0,0,0,0,1,0,0,0,0,0,0,1,1,1,36045
Jefferson,2014,Crimes Against Persons,0,0,0,0,0,0,0,0,0,0,0,0,0,0,0,0,0,0,0,0,0,0,0,0,0,0,0,1,0,0,0,0,0,0,0,0,0,0,1,1,1,36045
Kings,2010,Crimes Against Persons,0,0,0,0,0,3,10,0,0,0,0,0,34,0,0,7,0,0,0,0,0,0,0,0,0,0,0,3,0,1,0,20,3,0,0,0,0,0,81,82,101,36047
Kings,2010,Property Crimes,0,0,0,0,0,0,6,0,1,0,3,0,39,1,1,0,0,0,0,2,0,0,0,0,0,0,0,0,0,0,0,1,0,0,0,0,0,0,54,54,55,36047
Kings,2011,Crimes Against Persons,0,0,0,0,0,1,6,0,0,0,0,0,16,0,0,6,0,0,0,2,0,0,0,0,0,0,0,0,0,2,0,16,3,1,0,0,0,0,53,61,80,36047
Kings,2011,Property Crimes,0,0,0,0,0,0,2,0,0,0,0,0,44,1,0,1,0,0,0,3,0,0,0,0,0,0,0,0,0,0,0,2,0,0,0,0,0,0,53,53,60,36047
Kings,2012,Crimes Against Persons,0,0,0,0,0,1,6,0,0,0,0,0,32,0,0,1,0,0,0,0,0,0,0,0,0,0,0,1,0,0,0,12,3,0,0,0,0,0,56,62,87,36047
Kings,2012,Property Crimes,0,0,0,0,0,1,4,0,0,0,1,0,82,6,1,3,3,0,0,0,0,0,0,0,0,0,0,0,0,0,0,0,0,0,0,0,0,0,101,106,104,36047
Kings,2013,Crimes Against Persons,0,0,0,0,0,4,4,0,2,0,0,0,21,0,0,2,0,0,0,0,0,0,0,0,0,0,0,0,0,4,0,27,4,0,0,0,0,0,68,76,102,36047
Kings,2013,Property Crimes,0,0,0,0,0,0,2,0,0,0,1,0,41,4,0,3,1,0,0,0,0,0,0,0,0,0,0,1,0,1,0,1,0,0,0,0,0,0,55,56,57,36047
Kings,2014,Crimes Against Persons,0,0,0,0,1,1,4,0,0,0,0,0,29,0,0,10,1,0,0,0,0,0,0,0,0,0,0,0,0,0,0,22,4,0,0,0,0,0,72,76,97,36047
Kings,2014,Property Crimes,0,0,0,0,0,1,0,0,0,0,0,0,36,6,0,4,0,0,0,2,0,0,0,0,0,0,0,0,0,10,0,3,0,0,0,0,0,0,62,63,63,36047
Kings,2015,Crimes Against Persons,0,0,0,0,0,3,6,0,2,0,0,0,35,0,0,7,0,0,0,0,0,0,0,0,0,0,0,2,0,0,0,20,3,0,0,0,0,0,78,81,104,36047
Kings,2015,Property Crimes,0,0,0,0,0,0,2,0,0,0,0,0,26,2,0,2,0,0,0,0,0,0,0,0,0,0,0,0,0,2,0,1,0,0,0,0,0,0,35,35,35,36047
Lewis,2012,Crimes Against Persons,0,0,0,0,0,0,0,0,0,0,0,0,0,0,0,0,0,0,0,0,0,0,0,0,0,0,0,1,0,0,0,0,0,0,0,0,0,0,1,1,1,36049
Livingston,2011,Crimes Against Persons,0,0,0,0,0,0,1,0,1,0,0,0,1,0,0,0,0,0,0,0,0,0,0,0,0,0,0,0,0,0,0,0,0,0,0,0,0,0,3,3,3,36051
Livingston,2013,Crimes Against Persons,0,0,0,0,0,0,1,0,0,0,0,0,0,0,0,0,0,0,0,0,0,0,0,0,0,0,0,0,0,0,0,0,0,0,0,0,0,0,1,1,1,36051
Livingston,2014,Crimes Against Persons,0,0,0,1,0,0,0,0,0,0,0,0,0,0,0,0,0,0,0,0,0,0,0,0,0,0,0,0,0,0,0,0,0,0,0,0,0,0,1,1,1,36051
Madison,2011,Crimes Against Persons,0,0,0,0,0,0,3,0,0,0,0,0,0,0,0,0,0,0,0,0,0,0,0,0,0,0,0,0,0,0,0,0,0,0,0,0,0,0,3,4,5,36053
Madison,2011,Property Crimes,0,0,0,0,0,0,1,0,0,0,0,0,0,0,0,0,0,0,0,0,0,0,0,0,0,0,0,0,0,0,0,0,0,0,0,0,0,0,1,1,1,36053
Madison,2012,Crimes Against Persons,0,0,0,0,0,0,1,0,0,0,0,0,2,0,0,0,0,0,0,0,0,0,0,0,0,0,0,0,0,0,0,0,0,0,0,0,0,0,3,3,3,36053
Madison,2012,Property Crimes,0,0,0,0,0,0,2,0,0,0,0,0,2,0,0,0,0,0,0,0,0,0,0,0,0,0,0,0,0,0,0,0,0,0,0,0,0,0,4,4,4,36053
Madison,2013,Crimes Against Persons,0,1,0,0,0,0,0,0,0,0,0,0,0,0,0,0,0,0,0,0,0,0,0,0,0,0,0,0,0,0,0,0,0,0,0,0,0,0,1,1,1,36053
Madison,2013,Property Crimes,0,0,0,0,0,0,0,0,0,0,0,0,0,0,1,0,0,0,0,0,0,0,0,0,0,0,0,0,0,0,0,0,0,0,0,0,0,0,1,1,1,36053
Madison,2014,Property Crimes,0,0,0,0,0,0,0,0,0,0,0,0,3,0,0,0,0,0,0,0,0,0,0,0,0,0,0,0,0,0,0,0,0,0,0,0,0,0,3,3,3,36053
Madison,2015,Property Crimes,0,0,0,0,0,0,1,0,0,0,0,0,1,0,0,0,0,0,0,0,0,0,0,0,0,0,0,0,0,0,0,0,0,0,0,0,0,0,2,2,2,36053
Monroe,2010,Crimes Against Persons,0,0,0,0,0,2,3,0,1,0,0,0,0,0,0,0,1,0,0,0,0,0,0,0,0,0,0,0,0,1,0,4,0,0,0,0,0,0,12,14,12,36055
Monroe,2010,Property Crimes,0,0,0,0,0,0,1,0,0,0,0,0,0,0,0,0,0,0,0,0,0,0,0,0,0,0,0,0,0,0,0,1,0,0,0,0,0,0,2,2,2,36055
Monroe,2011,Crimes Against Persons,0,0,0,0,0,0,2,0,0,0,0,0,1,0,0,0,0,0,0,0,0,0,0,0,0,0,0,0,0,0,0,1,0,0,0,0,0,0,4,4,4,36055
Monroe,2011,Property Crimes,0,0,0,0,0,0,2,0,0,0,0,0,1,0,0,0,0,0,0,0,0,0,0,0,0,0,0,0,0,0,0,2,0,0,0,0,0,0,5,5,8,36055
Monroe,2012,Crimes Against Persons,0,0,0,0,0,0,1,0,1,0,0,0,1,0,0,0,0,0,0,0,0,0,0,0,0,0,0,0,0,0,0,0,0,0,0,0,0,0,3,3,3,36055
Monroe,2012,Property Crimes,0,0,0,0,0,0,0,0,0,0,0,0,3,0,0,0,0,0,0,0,0,0,0,0,0,0,0,0,0,0,0,0,0,0,0,0,0,0,3,7,3,36055
Monroe,2013,Crimes Against Persons,0,0,0,0,0,1,5,0,0,0,0,0,0,0,0,1,0,0,0,0,0,0,0,0,0,0,0,0,0,0,0,0,0,0,0,0,0,0,7,8,7,36055
Monroe,2013,Property Crimes,0,0,0,0,0,1,1,0,0,0,0,0,0,0,0,0,0,0,0,0,0,0,0,0,0,0,0,0,0,0,0,0,0,0,0,0,0,0,2,2,2,36055
Monroe,2014,Crimes Against Persons,0,0,0,0,0,0,0,0,0,0,0,0,0,0,0,0,0,0,0,0,0,0,0,0,0,0,0,0,0,0,0,0,0,1,0,0,0,0,1,1,2,36055
Monroe,2014,Property Crimes,0,0,0,0,0,0,0,0,1,0,0,0,0,0,0,0,0,0,0,0,0,0,0,0,0,0,0,0,0,0,0,1,0,0,0,0,0,0,2,2,2,36055
Monroe,2015,Crimes Against Persons,0,0,1,0,0,0,1,0,0,0,0,0,0,0,0,0,0,0,0,0,0,0,0,0,0,0,0,0,0,0,0,0,0,0,0,0,0,0,2,3,2,36055
Monroe,2015,Property Crimes,0,0,0,0,0,0,1,0,0,0,0,0,0,0,0,0,0,0,0,0,0,0,0,0,0,0,0,0,0,0,0,0,0,0,0,0,0,0,1,1,1,36055
Nassau,2010,Crimes Against Persons,0,0,0,0,0,0,3,0,0,0,0,0,2,0,0,0,0,0,0,0,0,0,0,0,0,0,0,2,0,1,0,6,0,0,0,0,0,0,14,14,20,36059
Nassau,2010,Property Crimes,0,0,0,0,0,1,7,0,0,0,0,0,35,0,1,0,0,0,0,1,0,0,0,0,0,0,0,0,0,1,0,1,0,1,0,0,0,0,48,48,50,36059
Nassau,2011,Crimes Against Persons,0,0,0,0,0,1,5,0,0,0,0,0,2,0,0,0,0,0,0,0,0,0,0,0,0,0,0,1,0,0,0,2,0,0,0,0,0,0,11,12,11,36059
Nassau,2011,Property Crimes,0,0,0,0,0,0,9,0,1,0,0,0,38,0,0,1,0,0,0,0,0,0,0,0,0,0,0,2,0,0,0,0,0,0,0,0,0,0,51,51,51,36059
Nassau,2012,Crimes Against Persons,0,0,0,0,0,0,9,0,0,0,0,0,4,0,0,1,0,0,0,0,0,0,0,0,0,0,0,0,0,0,0,0,0,0,0,0,0,0,14,14,14,36059
Nassau,2012,Property Crimes,0,0,0,0,0,0,6,0,0,0,0,0,29,2,0,0,10,0,0,0,0,0,0,0,0,0,0,1,0,3,0,0,0,2,0,0,0,0,53,53,53,36059
Nassau,2013,Crimes Against Persons,0,0,0,0,0,0,3,0,1,0,0,0,4,0,0,0,0,0,0,0,0,0,0,0,0,0,0,3,0,0,0,1,0,1,0,0,0,0,13,16,16,36059
Nassau,2013,Property Crimes,0,0,0,0,0,0,6,0,1,0,0,0,22,1,1,0,1,0,0,0,0,0,0,0,0,0,0,1,0,0,0,0,0,0,0,0,0,0,33,33,33,36059
Nassau,2014,Crimes Against Persons,0,0,0,0,0,0,8,0,0,0,0,0,3,0,0,0,0,0,0,0,0,0,0,0,0,0,0,0,0,0,0,3,0,0,0,0,0,0,14,15,15,36059
Nassau,2014,Property Crimes,0,0,0,0,0,2,7,0,0,0,0,0,16,2,0,0,0,0,0,0,0,0,0,0,0,0,0,1,0,0,0,0,0,0,0,0,0,0,28,28,28,36059
Nassau,2015,Crimes Against Persons,0,0,0,0,0,0,2,0,0,0,0,0,2,0,1,3,0,0,0,0,0,0,0,0,0,0,0,2,0,0,0,1,0,0,0,0,0,0,11,11,14,36059
Nassau,2015,Property Crimes,0,0,0,0,0,0,3,0,0,0,1,0,16,1,0,2,1,0,0,0,0,0,0,0,0,0,0,0,0,0,0,0,0,0,0,0,0,0,24,24,24,36059
New York,2010,Crimes Against Persons,1,0,0,0,0,1,5,0,8,0,0,0,20,1,0,6,1,0,0,2,0,0,0,0,0,0,0,2,1,3,0,21,1,2,0,0,0,0,75,75,91,36061
New York,2010,Property Crimes,0,0,0,0,0,0,5,0,0,0,1,0,9,0,0,2,0,0,0,1,0,0,0,0,0,0,0,0,0,0,0,1,0,0,0,0,0,0,19,19,19,36061
New York,2011,Crimes Against Persons,0,0,0,1,0,0,1,0,2,0,0,0,8,0,0,5,0,0,0,1,0,0,0,0,0,0,0,0,1,2,0,19,1,1,0,0,0,0,42,47,54,36061
New York,2011,Property Crimes,0,0,0,0,0,0,2,0,0,0,1,0,7,1,0,1,0,0,0,1,0,0,0,0,0,0,0,0,0,1,0,3,0,1,0,0,0,0,18,19,18,36061
New York,2012,Crimes Against Persons,0,0,0,2,0,2,7,0,1,0,0,0,12,1,0,4,1,0,0,0,0,0,0,0,0,0,0,4,0,0,0,16,4,0,0,0,0,0,54,61,76,36061
New York,2012,Property Crimes,0,0,0,0,0,1,3,0,0,0,0,0,32,0,0,2,0,0,0,0,0,0,0,0,0,0,0,0,0,0,0,1,0,0,0,0,0,0,39,39,39,36061
New York,2013,Crimes Against Persons,0,0,0,1,0,4,6,0,2,0,0,0,9,3,0,5,0,0,0,0,0,0,0,0,0,0,0,3,0,1,0,36,1,0,0,0,1,0,72,80,113,36061
New York,2013,Property Crimes,0,0,0,0,0,0,2,0,1,0,0,0,22,0,0,1,1,0,0,0,0,0,0,0,0,0,0,0,0,1,0,0,0,0,0,0,0,0,28,28,28,36061
New York,2014,Crimes Against Persons,0,0,0,0,0,5,6,0,2,0,1,0,8,0,0,2,0,0,0,0,0,0,0,0,0,0,0,1,0,0,0,27,1,2,0,0,0,0,55,60,78,36061
New York,2014,Property Crimes,0,0,0,0,0,0,3,0,0,0,0,0,12,0,0,2,0,0,0,0,0,0,0,0,0,0,0,0,0,1,0,0,0,0,0,0,0,0,18,18,19,36061
New York,2015,Crimes Against Persons,0,0,0,0,0,3,6,0,6,0,0,0,12,0,0,3,0,0,0,0,0,0,0,0,0,0,0,0,0,2,0,28,7,0,0,0,0,0,67,73,86,36061
New York,2015,Property Crimes,0,0,0,0,0,0,1,0,0,0,0,0,21,4,0,3,0,0,0,0,0,0,0,0,0,0,0,0,0,3,0,2,0,1,0,0,0,0,35,35,35,36061
Niagara,2010,Crimes Against Persons,0,0,0,0,0,0,0,0,0,0,0,0,0,0,0,0,0,0,0,0,0,0,0,0,0,0,0,0,0,0,0,1,0,0,0,0,0,0,1,1,1,36063
Niagara,2010,Property Crimes,0,0,0,0,0,0,1,0,0,0,0,0,0,0,0,0,0,0,0,0,0,0,0,0,0,0,0,0,0,0,0,0,0,0,0,0,0,0,1,1,1,36063
Niagara,2011,Crimes Against Persons,0,0,0,0,0,0,2,0,0,0,0,0,0,0,0,0,0,0,0,0,0,0,0,0,0,0,0,0,2,0,0,2,0,0,0,0,0,0,6,6,6,36063
Niagara,2011,Property Crimes,0,0,0,0,0,0,1,0,0,0,0,0,0,0,0,0,0,0,0,0,0,0,0,0,0,0,0,0,0,0,0,1,0,0,0,0,0,0,2,2,2,36063
Niagara,2012,Crimes Against Persons,0,0,0,0,0,0,2,0,0,0,0,0,0,0,0,0,0,0,0,0,0,0,0,0,0,0,0,0,0,0,0,0,1,0,0,0,0,0,3,3,3,36063
Niagara,2013,Crimes Against Persons,0,0,0,0,0,1,1,0,0,0,0,0,0,0,0,0,0,0,0,0,0,0,0,0,0,0,0,1,0,0,0,0,0,0,0,0,0,0,3,3,3,36063
Niagara,2014,Property Crimes,0,0,0,0,0,0,0,0,0,0,0,0,0,0,0,0,0,0,0,0,0,0,0,0,0,0,0,0,1,0,0,0,0,0,0,0,0,1,2,2,2,36063
Niagara,2015,Property Crimes,0,0,0,0,0,0,0,0,0,0,0,0,0,0,0,0,0,0,0,0,0,0,0,0,0,0,0,0,0,0,0,1,0,0,0,0,0,0,1,1,1,36063
Oneida,2011,Property Crimes,0,0,0,0,0,0,1,0,0,0,0,0,0,0,0,0,0,0,0,0,0,0,0,0,0,0,0,0,0,0,0,0,0,0,0,0,0,0,1,1,1,36065
Oneida,2012,Crimes Against Persons,0,0,0,0,0,0,0,0,0,0,0,0,0,0,0,0,0,0,0,0,0,0,0,0,0,0,0,0,0,1,0,1,0,0,0,0,0,0,2,2,2,36065
Oneida,2013,Crimes Against Persons,0,0,0,0,0,0,2,0,0,0,0,0,0,0,0,0,0,0,0,0,0,0,0,0,0,0,0,0,0,0,0,0,0,0,0,0,0,0,2,2,2,36065
Onondaga,2010,Crimes Against Persons,0,0,0,0,0,0,0,0,0,0,0,0,0,1,0,1,0,0,0,0,0,0,0,0,0,0,0,0,1,0,0,0,0,0,0,0,0,0,3,4,3,36067
Onondaga,2011,Crimes Against Persons,0,0,0,1,0,0,1,0,0,0,0,0,0,0,0,0,0,0,0,0,0,0,0,0,0,0,0,0,0,0,0,0,0,0,0,0,0,0,2,2,2,36067
Onondaga,2012,Crimes Against Persons,0,0,0,0,0,0,0,0,0,0,0,0,0,0,0,0,0,0,0,0,0,0,0,0,0,0,0,0,1,0,0,0,0,0,0,0,0,0,1,1,1,36067
Onondaga,2013,Property Crimes,0,0,0,0,0,0,2,0,0,0,0,0,0,0,0,0,0,0,0,0,0,0,0,0,0,0,0,0,0,0,0,0,0,0,0,0,0,0,2,2,2,36067
Onondaga,2014,Crimes Against Persons,0,0,0,0,0,0,0,0,0,0,0,0,0,0,0,0,0,0,0,0,0,0,0,0,0,0,0,0,0,0,0,0,0,0,0,1,0,0,1,1,1,36067
Onondaga,2014,Property Crimes,0,0,0,0,0,0,1,0,0,0,0,0,0,0,0,0,0,0,0,0,0,0,0,0,0,0,0,0,0,0,0,0,0,0,0,0,0,0,1,1,1,36067
Onondaga,2015,Property Crimes,0,0,0,0,0,0,1,0,0,0,0,0,0,0,0,0,0,0,0,0,0,0,0,0,0,0,0,0,0,0,0,0,0,0,0,0,0,0,1,1,1,36067
Ontario,2010,Crimes Against Persons,0,0,0,0,0,0,1,0,0,0,0,0,0,0,0,0,0,0,0,0,0,0,0,0,0,0,0,0,0,0,0,0,0,0,0,0,0,0,1,1,1,36069
Ontario,2011,Crimes Against Persons,0,0,0,0,0,0,0,0,0,0,0,0,0,0,0,0,0,0,0,0,0,0,0,0,0,0,0,0,0,0,0,0,0,1,0,0,0,0,1,1,1,36069
Ontario,2011,Property Crimes,0,0,0,0,0,0,1,0,0,0,0,0,0,0,0,0,0,0,0,0,0,0,0,0,0,0,0,0,0,0,0,0,0,0,0,0,0,0,1,1,1,36069
Ontario,2013,Crimes Against Persons,0,0,0,0,0,0,1,0,0,0,0,0,0,0,0,0,0,0,0,0,0,0,0,0,0,0,0,0,0,0,0,0,0,0,0,0,0,0,1,1,1,36069
Ontario,2014,Property Crimes,0,0,0,0,0,0,0,0,0,0,0,0,0,0,0,0,1,0,0,0,0,0,0,0,0,0,0,0,0,0,0,0,0,0,0,0,0,0,1,1,1,36069
Orange,2010,Crimes Against Persons,0,0,0,0,0,2,4,0,0,0,0,0,0,0,0,0,0,0,0,0,0,0,0,0,0,0,0,1,0,1,0,1,0,0,0,0,0,0,9,9,10,36071
Orange,2010,Property Crimes,0,0,0,0,0,0,1,0,0,0,0,0,1,0,0,0,0,0,0,0,0,0,0,0,0,0,0,0,0,0,0,0,0,0,0,0,0,0,2,2,2,36071
Orange,2011,Crimes Against Persons,0,0,0,0,0,0,1,0,0,0,0,0,1,0,0,0,0,0,0,0,0,0,0,0,0,0,0,0,0,0,0,1,0,0,0,0,0,0,3,4,4,36071
Orange,2011,Property Crimes,0,0,0,0,0,0,1,0,0,0,0,0,1,0,0,0,0,0,0,0,0,0,0,0,0,0,0,0,0,0,0,0,0,0,0,0,0,0,2,2,2,36071
Orange,2012,Crimes Against Persons,0,0,0,0,0,0,0,0,0,0,0,0,5,0,0,0,0,0,0,0,0,0,0,0,0,0,0,0,0,0,0,0,0,0,0,0,0,0,5,5,5,36071
Orange,2012,Property Crimes,0,0,0,0,0,0,0,0,0,0,0,0,1,0,0,0,1,0,0,0,0,0,0,0,0,0,0,0,0,0,0,0,0,0,0,0,0,0,2,2,3,36071
Orange,2013,Crimes Against Persons,0,0,0,0,0,0,1,0,0,0,0,0,2,0,0,0,0,0,0,0,0,0,0,0,0,0,0,0,0,0,0,1,0,0,0,0,0,0,4,5,4,36071
Orange,2013,Property Crimes,0,0,0,0,0,0,3,0,0,0,0,0,5,0,0,0,0,0,0,0,0,0,0,0,0,0,0,1,0,0,0,0,0,0,0,0,0,0,9,9,10,36071
Orange,2014,Crimes Against Persons,0,0,0,0,0,0,1,0,0,0,0,0,1,0,0,0,0,0,0,0,0,0,0,0,0,0,0,0,0,0,0,0,0,0,0,0,0,0,2,2,2,36071
Orange,2014,Property Crimes,0,0,0,0,0,0,1,0,0,0,0,0,3,1,0,0,0,0,0,0,0,0,0,0,0,0,0,0,0,0,0,0,0,0,0,0,0,0,5,5,5,36071
Orange,2015,Crimes Against Persons,0,0,0,0,0,0,0,0,0,0,0,0,3,0,0,0,0,0,0,0,0,0,0,0,0,0,0,0,0,0,0,0,0,0,0,0,0,0,3,4,3,36071
Orange,2015,Property Crimes,0,0,0,0,0,0,0,0,0,0,0,0,3,0,0,0,0,0,0,0,0,0,0,0,0,0,0,0,0,0,0,0,0,0,0,0,0,0,3,3,4,36071
Orleans,2010,Crimes Against Persons,0,0,0,0,0,0,0,0,0,0,0,0,0,0,0,1,0,0,0,0,0,0,0,0,0,0,0,0,0,0,0,0,0,0,0,0,0,0,1,1,5,36073
Orleans,2011,Crimes Against Persons,0,0,0,0,0,0,1,0,0,0,0,0,1,0,0,0,0,0,0,0,0,0,0,0,0,0,0,0,0,0,0,0,0,0,0,0,0,0,2,2,3,36073
Orleans,2015,Property Crimes,0,0,0,0,0,0,0,0,0,0,0,0,0,0,0,1,0,0,0,0,0,0,0,0,0,0,0,0,0,0,0,0,0,0,0,0,0,0,1,1,2,36073
Oswego,2010,Crimes Against Persons,0,0,0,0,0,0,1,0,0,0,0,0,2,0,0,0,0,0,0,0,0,0,0,0,0,0,0,1,0,0,0,3,0,0,0,0,0,0,7,10,7,36075
Oswego,2010,Property Crimes,0,0,0,0,0,0,0,0,0,0,0,0,2,0,0,0,0,0,0,0,0,0,0,0,0,0,0,0,0,0,0,0,0,0,0,0,0,0,2,2,2,36075
Oswego,2011,Property Crimes,0,0,0,0,0,0,1,0,0,0,0,0,0,0,0,0,0,0,0,0,0,0,0,0,0,0,0,0,0,0,0,0,0,0,0,0,0,0,1,1,1,36075
Oswego,2012,Crimes Against Persons,0,0,0,0,0,0,0,0,0,0,0,0,0,0,0,0,0,0,0,0,0,0,0,0,0,0,0,0,0,0,0,0,1,0,0,0,0,0,1,1,1,36075
Oswego,2013,Property Crimes,0,0,0,0,0,0,0,0,0,0,0,0,1,0,0,0,0,0,0,0,0,0,0,0,0,0,0,0,0,0,0,0,0,0,0,0,0,0,1,1,1,36075
Oswego,2014,Property Crimes,0,0,0,0,0,0,0,0,0,0,0,0,1,0,0,0,0,0,0,0,0,0,0,0,0,0,0,0,0,0,0,0,0,0,0,0,0,0,1,1,1,36075
Oswego,2015,Crimes Against Persons,0,0,0,0,0,0,1,0,0,0,0,0,0,0,0,0,0,0,0,0,0,0,0,0,0,0,0,0,0,0,0,0,0,0,0,0,0,0,1,1,1,36075
Otsego,2010,Crimes Against Persons,0,0,0,0,0,0,1,0,0,0,0,0,0,0,0,0,0,0,0,0,0,0,0,0,0,0,0,0,0,0,0,0,1,0,0,0,0,0,2,2,2,36077
Otsego,2011,Crimes Against Persons,0,0,0,0,0,0,3,0,0,0,0,0,0,0,0,0,0,0,0,0,0,0,0,0,0,0,0,1,0,0,0,0,3,0,0,0,0,0,7,7,7,36077
Otsego,2012,Crimes Against Persons,0,0,0,0,0,0,1,0,0,0,0,0,0,0,0,0,0,0,0,0,0,0,0,0,0,0,0,0,0,0,0,0,0,0,0,0,0,0,1,1,1,36077
Otsego,2013,Property Crimes,0,0,0,0,0,0,0,0,0,0,0,0,3,0,0,0,0,0,0,0,0,0,0,0,0,0,0,0,0,0,0,0,0,0,0,0,0,0,3,3,3,36077
Otsego,2014,Crimes Against Persons,0,0,0,0,0,0,1,0,0,0,0,0,0,0,0,0,0,0,0,0,0,0,0,0,0,0,0,0,0,0,0,0,0,0,0,0,0,0,1,2,1,36077
Otsego,2014,Property Crimes,0,0,0,0,0,0,0,0,0,0,0,0,2,0,0,0,0,0,0,0,0,0,0,0,0,0,0,0,0,0,0,0,0,0,0,0,0,0,2,2,2,36077
Otsego,2015,Crimes Against Persons,0,0,0,0,0,0,1,0,0,0,0,0,0,0,0,0,0,0,0,0,0,0,0,0,0,0,0,0,0,0,0,0,0,0,0,0,0,0,1,2,1,36077
Otsego,2015,Property Crimes,0,0,0,0,0,0,0,0,0,0,0,0,1,0,0,0,0,0,0,0,0,0,0,0,0,0,0,0,0,0,0,0,0,0,0,0,0,0,1,1,1,36077
Putnam,2012,Crimes Against Persons,0,0,0,0,0,0,0,0,0,0,0,0,1,0,0,0,0,0,0,0,0,0,0,0,0,0,0,1,0,0,0,0,0,0,0,0,0,0,2,2,2,36079
Putnam,2013,Crimes Against Persons,0,0,0,1,0,0,0,0,0,0,0,0,0,0,0,0,0,0,0,0,0,0,0,0,0,0,0,0,1,0,0,0,0,0,0,0,0,0,2,2,2,36079
Queens,2010,Crimes Against Persons,0,0,0,0,0,0,3,0,1,0,0,0,9,0,0,1,0,0,0,0,0,0,0,0,0,0,0,3,1,0,0,3,1,1,0,0,0,0,23,23,30,36081
Queens,2010,Property Crimes,0,0,0,0,0,0,3,0,1,0,1,0,15,0,0,3,1,0,0,1,0,0,0,0,0,0,0,0,0,0,0,1,1,1,0,0,0,0,28,28,28,36081
Queens,2011,Crimes Against Persons,0,0,0,0,0,1,1,0,0,0,1,0,2,0,0,0,0,0,0,1,0,0,0,0,0,0,0,0,0,1,0,9,1,0,0,0,0,0,17,18,43,36081
Queens,2011,Property Crimes,0,0,0,0,0,0,5,1,0,0,1,0,19,3,0,1,0,0,0,2,0,0,0,0,0,0,0,0,0,1,0,0,0,0,0,0,0,0,33,33,33,36081
Queens,2012,Crimes Against Persons,0,0,0,0,0,1,1,0,1,0,0,0,0,0,0,7,0,0,0,0,0,0,0,0,0,0,0,2,0,1,0,8,0,0,0,0,0,0,21,21,30,36081
Queens,2012,Property Crimes,0,0,0,0,0,0,1,0,1,0,1,0,36,1,0,3,2,0,0,1,0,0,0,0,0,0,0,1,0,2,0,2,0,0,0,0,0,0,51,52,51,36081
Queens,2013,Crimes Against Persons,0,0,0,0,0,1,3,1,2,0,0,0,1,0,0,4,0,0,0,0,0,0,0,0,0,0,0,1,0,1,0,13,2,0,0,0,0,0,29,31,38,36081
Queens,2013,Property Crimes,0,0,0,0,0,0,0,0,0,0,1,0,13,1,1,0,0,0,0,0,0,0,0,0,0,0,0,1,0,1,0,1,0,0,0,0,0,0,19,20,19,36081
Queens,2014,Crimes Against Persons,0,0,0,0,0,0,0,0,0,0,0,0,2,0,0,3,0,0,0,1,0,0,0,0,0,0,0,2,0,1,0,10,0,0,0,0,0,0,19,20,26,36081
Queens,2014,Property Crimes,0,0,0,0,0,0,2,0,0,0,0,0,16,4,0,0,0,0,0,0,0,0,0,0,0,0,0,1,0,0,0,1,0,0,0,0,0,0,24,24,24,36081
Queens,2015,Crimes Against Persons,0,0,0,0,0,2,2,0,0,0,0,0,3,1,0,2,0,0,0,0,0,0,0,0,0,0,0,2,0,1,0,7,1,0,0,0,1,0,22,23,30,36081
Queens,2015,Property Crimes,0,0,0,0,0,0,2,0,1,0,0,0,13,0,0,0,0,0,0,2,0,0,0,0,0,0,0,2,0,3,0,0,0,0,0,0,0,0,23,23,23,36081
Rensselaer,2010,Crimes Against Persons,0,0,0,0,0,1,1,0,0,0,0,0,0,0,0,0,0,0,0,0,0,0,0,0,0,0,0,0,0,0,0,0,0,0,0,0,0,0,2,2,2,36083
Rensselaer,2011,Property Crimes,0,0,0,0,0,0,1,0,0,0,0,0,0,0,0,0,0,0,0,0,0,0,0,0,0,0,0,0,0,0,0,0,0,0,0,0,0,0,1,1,1,36083
Rensselaer,2012,Property Crimes,0,0,0,0,0,0,1,0,0,0,0,0,0,0,0,0,0,0,0,0,0,0,0,0,0,0,0,0,0,0,0,0,0,0,0,0,0,0,1,1,4,36083
Rensselaer,2013,Crimes Against Persons,0,0,0,0,0,1,0,0,0,0,0,0,0,0,0,0,0,0,0,0,0,0,0,0,0,0,0,0,0,0,0,0,0,0,0,0,0,0,1,1,1,36083
Rensselaer,2013,Property Crimes,0,1,0,0,0,0,0,0,0,0,0,0,0,0,0,0,0,0,0,0,0,0,0,0,0,0,0,0,0,0,0,0,0,0,0,0,0,0,1,1,1,36083
Rensselaer,2015,Crimes Against Persons,0,0,0,0,0,0,0,0,1,0,0,0,0,0,0,0,0,0,0,0,0,0,0,0,0,0,0,0,0,0,0,0,0,0,0,0,0,0,1,1,1,36083
Rensselaer,2015,Property Crimes,0,0,0,0,0,0,0,0,0,0,0,0,0,0,0,0,0,0,0,0,0,0,0,0,0,0,0,0,0,0,0,1,0,0,0,0,0,0,1,2,1,36083
Richmond,2010,Crimes Against Persons,0,0,0,0,0,0,2,0,1,0,1,0,2,0,0,2,0,0,0,0,0,0,0,0,0,0,0,17,0,4,0,4,0,0,0,0,0,0,33,33,59,36085
Richmond,2010,Property Crimes,0,0,0,0,0,0,1,0,0,0,1,0,3,1,0,0,0,0,0,1,0,0,0,0,0,0,0,0,0,1,0,1,0,0,0,0,0,0,9,9,9,36085
Richmond,2011,Crimes Against Persons,0,0,0,0,0,0,1,0,0,0,0,0,1,0,0,1,0,0,0,0,0,0,0,0,0,0,0,0,0,0,0,1,1,0,0,0,0,0,5,7,6,36085
Richmond,2011,Property Crimes,0,0,0,0,0,0,0,0,0,0,0,0,1,0,0,0,0,0,0,0,0,0,0,0,0,0,0,0,0,0,0,1,0,1,0,0,0,0,3,3,3,36085
Richmond,2012,Crimes Against Persons,0,0,0,0,0,0,3,0,0,0,0,0,1,0,0,2,0,0,0,0,0,0,0,0,0,0,0,2,0,0,0,2,0,0,0,0,0,0,10,11,21,36085
Richmond,2012,Property Crimes,0,0,0,0,0,0,0,0,0,0,0,0,12,1,0,1,1,0,0,0,0,0,0,0,0,0,0,0,0,1,0,0,0,0,0,0,0,0,16,16,18,36085
Richmond,2013,Crimes Against Persons,0,0,0,0,0,1,1,0,0,0,0,0,0,0,0,0,0,0,0,0,0,0,0,0,0,0,0,1,0,0,0,1,0,0,0,0,0,0,4,4,7,36085
Richmond,2013,Property Crimes,0,0,0,0,0,0,0,0,0,0,1,0,7,3,0,1,0,0,0,0,0,0,0,0,0,0,0,0,0,1,0,3,0,0,0,0,0,0,16,16,21,36085
Richmond,2014,Crimes Against Persons,0,0,0,0,0,0,2,0,0,0,0,0,1,0,0,0,0,0,0,0,0,0,0,0,0,0,0,1,0,1,0,2,0,0,0,0,0,0,7,7,13,36085
Richmond,2014,Property Crimes,0,0,0,0,0,0,3,0,0,0,0,0,17,1,0,1,0,0,0,1,0,0,0,0,0,0,0,0,0,0,0,0,0,0,0,0,0,0,23,23,25,36085
Richmond,2015,Crimes Against Persons,0,0,0,0,0,1,1,0,0,0,0,0,4,0,0,1,0,0,0,0,0,0,0,0,0,0,0,0,0,0,0,1,0,0,0,1,0,0,9,9,11,36085
Richmond,2015,Property Crimes,0,0,0,0,0,0,2,0,0,0,1,0,3,1,0,0,0,0,0,0,0,0,0,0,0,0,0,0,0,0,0,0,0,0,0,0,0,0,7,7,7,36085
Rockland,2010,Crimes Against Persons,0,0,0,0,0,0,2,0,0,0,0,0,6,0,0,1,0,0,0,0,0,0,0,0,0,0,0,2,0,1,0,2,0,0,0,0,0,0,14,14,16,36087
Rockland,2010,Property Crimes,0,0,0,0,0,0,1,0,0,0,0,0,5,0,0,1,0,0,0,3,0,0,0,0,0,0,0,0,0,0,0,0,0,0,0,0,0,0,10,10,10,36087
Rockland,2011,Crimes Against Persons,0,0,0,0,0,0,1,0,0,0,0,0,2,0,0,0,0,0,0,0,0,0,0,0,0,0,0,0,0,0,0,1,0,0,0,0,0,0,4,4,4,36087
Rockland,2011,Property Crimes,0,0,0,0,1,0,0,0,0,0,0,0,4,0,0,0,0,0,0,0,0,0,0,0,0,0,0,0,0,0,0,0,1,0,0,0,0,0,6,6,6,36087
Rockland,2012,Crimes Against Persons,0,0,0,0,0,1,0,0,0,0,0,0,4,0,0,0,0,0,0,0,0,0,0,0,0,0,0,0,0,0,0,0,0,0,0,0,0,0,5,5,11,36087
Rockland,2012,Property Crimes,0,0,0,0,0,0,0,0,0,0,0,0,1,0,0,0,0,0,0,0,0,0,0,0,0,0,0,0,0,0,0,0,0,0,0,0,0,0,1,1,1,36087
Rockland,2013,Crimes Against Persons,0,0,0,0,0,0,2,0,0,0,0,0,2,0,0,0,0,0,0,0,0,0,0,0,0,0,0,0,0,0,0,0,0,0,0,0,0,0,4,4,6,36087
Rockland,2013,Property Crimes,0,0,0,0,0,0,0,0,0,0,0,0,3,0,0,0,0,0,0,0,0,0,0,0,0,0,0,0,0,0,0,0,0,0,0,0,0,0,3,3,3,36087
Rockland,2014,Crimes Against Persons,0,0,1,0,0,0,0,0,0,0,0,0,1,0,0,0,0,0,0,0,0,0,0,0,0,0,0,1,0,0,0,0,0,0,0,0,0,0,3,4,4,36087
Rockland,2014,Property Crimes,0,0,0,0,0,0,0,0,0,0,1,0,5,0,0,0,0,0,0,0,0,0,0,0,0,0,0,0,0,0,0,0,0,0,0,0,0,0,6,6,6,36087
Rockland,2015,Property Crimes,0,0,0,0,0,0,1,0,0,0,0,0,3,0,0,0,0,0,0,0,0,0,0,0,0,0,0,0,0,0,0,0,0,0,0,0,0,0,4,4,4,36087
St. Lawrence,2010,Crimes Against Persons,0,0,0,0,0,0,1,0,0,0,0,0,0,0,0,0,0,0,0,0,0,0,0,0,0,0,0,0,0,0,0,0,0,1,0,0,0,0,2,2,2,36089
St. Lawrence,2011,Crimes Against Persons,0,0,0,0,0,0,0,0,0,0,0,0,0,0,0,0,0,0,0,0,0,0,0,0,0,0,0,0,0,0,0,1,0,0,0,0,0,0,1,1,1,36089
St. Lawrence,2013,Crimes Against Persons,0,0,0,0,0,0,0,0,0,0,0,0,0,0,0,0,0,0,0,0,0,0,0,0,0,0,0,0,0,0,0,0,1,0,0,0,0,0,1,1,1,36089
St. Lawrence,2013,Property Crimes,0,0,0,0,0,0,2,0,0,0,0,0,0,0,0,0,0,0,0,0,0,0,0,0,0,0,0,0,0,0,0,0,0,0,0,0,0,0,2,2,2,36089
St. Lawrence,2014,Crimes Against Persons,0,0,0,0,0,0,1,0,0,0,0,0,1,0,0,0,0,0,0,0,0,0,0,0,0,0,0,0,0,0,0,0,0,0,0,0,0,0,2,2,2,36089
St. Lawrence,2014,Property Crimes,0,0,0,0,0,0,0,0,0,0,0,0,0,0,0,0,0,0,0,0,0,0,0,0,0,0,0,0,0,0,0,0,0,1,0,0,0,0,1,1,1,36089
St. Lawrence,2015,Crimes Against Persons,0,0,0,0,0,0,1,0,0,0,0,0,0,0,0,0,0,0,0,0,0,1,0,0,0,0,0,0,0,0,0,1,1,0,0,0,0,0,4,4,4,36089
St. Lawrence,2015,Property Crimes,0,0,0,0,0,0,0,0,0,0,0,0,0,0,0,0,0,0,0,0,0,0,0,0,0,0,0,0,0,0,0,0,0,1,0,0,0,0,1,1,1,36089
Saratoga,2010,Crimes Against Persons,0,0,0,0,0,0,2,0,1,0,1,0,0,0,0,0,0,0,0,0,0,0,0,0,0,0,0,0,0,0,0,0,0,0,0,0,0,0,4,4,4,36091
Saratoga,2010,Property Crimes,0,0,0,0,0,0,1,0,0,0,0,0,0,0,0,0,0,0,0,0,0,0,0,0,0,0,0,0,0,0,0,0,0,0,0,0,0,0,1,1,1,36091
Saratoga,2011,Crimes Against Persons,0,0,0,0,0,0,1,0,0,0,0,0,0,0,0,0,0,0,0,0,0,0,0,0,0,0,0,0,1,0,0,0,0,0,0,0,0,0,2,2,2,36091
Saratoga,2011,Property Crimes,0,0,0,0,0,0,1,0,0,0,0,0,0,0,0,0,0,0,0,0,0,0,0,0,0,0,0,0,0,0,0,0,0,0,0,0,0,0,1,1,1,36091
Saratoga,2012,Crimes Against Persons,0,0,0,0,0,0,2,0,0,0,0,0,0,0,0,0,0,0,0,0,0,0,0,0,0,0,0,0,0,0,0,0,0,0,0,0,0,0,2,2,2,36091
Saratoga,2012,Property Crimes,0,0,0,0,0,0,0,0,0,0,0,0,1,0,0,0,0,0,0,0,0,0,0,0,0,0,0,0,0,1,0,0,0,0,0,0,0,0,2,2,3,36091
Saratoga,2013,Crimes Against Persons,0,0,0,0,0,0,1,0,0,0,0,0,2,0,0,0,0,0,0,0,0,0,0,0,0,0,0,0,0,0,0,0,0,0,0,0,0,0,3,3,3,36091
Saratoga,2013,Property Crimes,0,0,0,0,0,0,0,0,0,0,0,0,1,0,0,0,0,0,0,0,0,0,0,0,0,0,0,0,0,0,0,0,0,0,0,0,0,0,1,1,1,36091
Saratoga,2015,Crimes Against Persons,0,0,0,0,0,0,1,0,0,0,0,0,0,0,0,0,0,0,0,0,0,0,0,0,0,0,0,0,0,0,0,0,0,0,0,0,0,0,1,1,1,36091
Schenectady,2010,Crimes Against Persons,0,0,0,0,0,2,2,0,0,0,0,0,0,0,0,0,0,0,0,0,0,0,0,0,0,0,0,0,0,0,0,0,0,0,0,0,0,0,4,4,4,36093
Schenectady,2011,Crimes Against Persons,0,0,0,0,0,0,1,0,0,0,1,0,0,0,0,0,0,0,0,0,0,0,0,0,0,0,0,0,0,0,0,0,0,0,0,0,0,0,2,2,2,36093
Schenectady,2015,Crimes Against Persons,0,0,0,0,0,0,0,0,0,0,0,0,0,0,0,1,0,0,0,0,0,0,0,0,0,0,0,1,0,0,0,0,0,0,0,0,0,0,2,2,2,36093
Schoharie,2012,Property Crimes,0,0,0,0,0,0,2,0,0,0,0,0,0,0,0,0,0,0,0,0,0,0,0,0,0,0,0,0,0,1,0,0,0,0,0,0,0,0,3,3,3,36095
Schoharie,2013,Crimes Against Persons,0,0,0,0,0,0,0,0,0,0,0,0,0,0,0,0,0,0,0,0,0,0,0,0,0,0,0,0,0,0,0,0,0,1,0,0,0,0,1,2,2,36095
Schoharie,2014,Crimes Against Persons,0,0,0,0,0,0,0,0,0,0,0,0,0,0,0,0,0,0,0,0,0,0,0,0,0,0,0,1,0,0,0,0,0,0,0,0,0,0,1,1,3,36095
Schuyler,2011,Crimes Against Persons,0,0,0,0,0,0,1,0,0,0,0,0,0,0,0,0,0,0,0,0,0,0,0,0,0,0,0,0,0,0,0,0,0,0,0,0,0,0,1,1,1,36097
Seneca,2010,Property Crimes,0,0,0,0,0,0,1,0,0,0,0,0,0,1,0,0,0,0,0,0,0,0,0,0,0,0,0,0,0,0,0,0,0,0,0,0,0,0,2,2,2,36099
Seneca,2012,Crimes Against Persons,0,0,0,0,0,0,0,0,0,0,0,0,0,0,0,0,0,0,0,0,0,0,0,0,0,0,0,0,0,0,0,1,0,0,0,0,0,0,1,1,4,36099
Steuben,2010,Crimes Against Persons,0,0,0,0,0,1,0,0,0,0,0,0,0,0,0,0,0,0,0,0,0,0,0,0,0,0,0,1,0,0,0,0,0,0,0,0,0,0,2,2,3,36101
Steuben,2013,Crimes Against Persons,0,1,0,0,0,0,0,0,0,0,0,0,0,0,0,0,0,0,0,0,0,0,0,0,0,0,0,0,0,0,0,0,0,0,0,0,0,0,1,12,1,36101
Suffolk,2010,Crimes Against Persons,0,0,0,0,0,1,7,0,1,0,0,0,4,0,0,1,0,0,0,0,0,0,0,0,0,0,0,10,1,1,0,10,1,0,0,0,0,1,38,42,53,36103
Suffolk,2010,Property Crimes,0,0,0,0,0,0,3,0,0,0,0,0,4,1,0,0,0,0,0,1,0,0,0,0,0,0,0,1,0,1,0,1,1,0,0,0,0,0,13,13,13,36103
Suffolk,2011,Crimes Against Persons,0,0,0,0,1,1,3,0,0,0,0,0,4,0,0,2,0,0,0,0,0,0,0,0,0,0,0,5,0,3,0,3,0,0,0,0,1,0,23,23,30,36103
Suffolk,2011,Property Crimes,0,0,0,0,0,0,3,0,0,0,0,0,3,6,0,0,0,0,0,1,0,0,0,0,0,0,0,0,0,0,0,3,0,0,0,0,0,0,16,16,16,36103
Suffolk,2012,Crimes Against Persons,0,0,0,0,0,1,8,0,0,0,0,0,6,0,0,2,0,0,0,1,0,0,0,0,0,0,0,7,1,1,0,1,3,4,0,0,0,0,35,40,35,36103
Suffolk,2012,Property Crimes,0,0,0,0,0,0,18,0,1,0,0,0,48,7,0,2,0,0,0,0,0,0,0,0,0,0,0,2,0,2,0,2,0,0,0,0,0,0,82,82,82,36103
Suffolk,2013,Crimes Against Persons,0,0,0,0,0,1,7,0,0,0,0,0,4,0,0,0,0,0,0,0,0,0,0,0,0,0,0,4,0,0,0,2,1,2,0,0,0,0,21,22,39,36103
Suffolk,2013,Property Crimes,0,0,0,0,0,2,16,0,0,0,0,0,37,5,0,2,0,0,0,4,0,0,0,0,0,0,0,0,0,0,0,1,0,1,0,0,0,0,68,68,68,36103
Suffolk,2014,Crimes Against Persons,0,0,0,0,0,0,2,0,1,0,0,0,2,0,0,1,0,0,0,0,0,0,0,0,0,0,0,1,0,1,0,8,0,0,0,0,0,0,16,16,17,36103
Suffolk,2014,Property Crimes,0,0,0,0,9,0,13,0,0,0,0,0,48,1,0,0,1,0,0,1,0,0,0,0,0,0,0,0,0,0,0,2,0,0,0,0,0,0,75,75,84,36103
Suffolk,2015,Crimes Against Persons,0,0,0,1,0,0,5,0,1,0,0,0,4,0,0,2,0,0,0,0,0,0,0,0,0,0,0,3,0,0,0,3,0,0,1,0,0,0,20,20,21,36103
Suffolk,2015,Property Crimes,0,0,0,0,2,0,4,0,1,0,0,0,35,0,0,0,0,0,0,0,0,0,0,0,0,3,0,0,0,0,0,3,1,0,0,0,0,0,49,49,50,36103
Sullivan,2010,Crimes Against Persons,0,0,0,0,0,0,1,0,0,0,0,0,0,0,0,0,0,0,0,0,0,0,0,0,0,0,0,0,0,0,0,0,0,0,0,0,0,0,1,1,1,36105
Sullivan,2010,Property Crimes,0,0,0,0,0,1,0,0,0,0,0,0,1,0,0,0,0,0,0,0,0,0,0,0,0,0,0,0,0,0,0,0,0,0,0,0,0,0,2,2,5,36105
Sullivan,2011,Property Crimes,0,0,0,0,0,0,0,0,0,0,0,0,2,0,0,0,0,0,0,0,0,0,0,0,0,0,0,0,0,0,0,0,0,0,0,0,0,0,2,2,2,36105
Sullivan,2013,Property Crimes,0,0,0,0,0,0,0,0,0,0,0,0,4,0,0,0,0,0,0,0,0,0,0,0,0,0,0,0,0,0,0,0,0,0,0,0,0,0,4,4,4,36105
Tioga,2010,Property Crimes,0,0,0,1,0,0,0,0,0,0,0,0,0,0,0,0,0,0,0,0,0,0,0,0,0,0,0,0,0,0,0,0,0,0,0,0,0,0,1,1,1,36107
Tioga,2013,Crimes Against Persons,0,0,0,0,0,0,0,0,0,0,0,0,0,0,0,0,0,0,0,0,0,0,0,0,0,0,0,0,0,0,0,1,0,0,0,0,0,0,1,1,3,36107
Tioga,2015,Crimes Against Persons,0,0,0,0,0,0,1,0,0,0,0,0,0,0,0,0,0,0,0,0,0,0,0,0,0,0,0,0,0,0,0,0,0,0,0,0,0,0,1,1,1,36107
Tompkins,2010,Crimes Against Persons,0,0,0,0,0,0,2,0,1,0,0,0,0,0,0,0,0,0,0,0,0,0,0,0,0,0,0,1,0,0,0,1,0,0,0,0,0,0,5,5,5,36109
Tompkins,2012,Crimes Against Persons,0,0,0,0,0,1,0,0,1,0,0,0,0,0,0,0,0,0,0,0,0,0,0,0,0,0,0,0,0,0,0,2,1,0,0,0,0,0,5,8,5,36109
Tompkins,2012,Property Crimes,0,0,0,0,0,0,0,0,0,0,0,0,1,0,0,0,0,0,0,0,0,0,0,0,0,0,0,0,0,0,0,0,0,0,0,0,0,0,1,1,1,36109
Tompkins,2013,Crimes Against Persons,0,0,0,0,0,0,0,0,1,0,0,0,0,0,0,0,0,0,0,0,0,0,0,0,0,0,0,0,0,0,0,0,1,0,0,0,0,0,2,2,2,36109
Tompkins,2013,Property Crimes,0,0,0,0,0,0,0,0,0,0,0,0,0,0,0,0,0,0,0,0,0,0,0,0,0,0,0,0,0,1,0,0,0,1,0,0,0,0,2,2,2,36109
Tompkins,2014,Crimes Against Persons,0,0,0,0,0,0,0,0,0,0,0,0,0,0,0,0,0,0,0,0,0,0,0,0,0,0,0,0,0,0,0,1,0,0,0,0,0,0,1,1,1,36109
Tompkins,2014,Property Crimes,0,0,0,0,0,0,1,0,0,0,0,0,0,0,0,0,0,0,0,0,0,0,0,0,0,0,0,0,0,0,0,0,0,0,0,0,0,0,1,1,1,36109
Tompkins,2015,Property Crimes,0,0,0,0,0,0,0,0,0,0,0,0,0,0,0,0,0,0,0,0,0,0,0,0,0,0,0,0,0,0,0,1,0,0,0,0,0,0,1,1,1,36109
Ulster,2010,Crimes Against Persons,0,0,0,0,0,0,1,0,1,0,1,0,0,0,0,0,0,0,0,0,0,0,0,0,0,0,0,0,0,0,0,1,0,0,0,0,0,0,4,4,4,36111
Ulster,2010,Property Crimes,0,0,0,0,0,0,0,0,0,0,0,0,0,1,0,0,0,0,0,0,0,0,0,0,0,0,0,0,0,0,0,0,0,0,0,0,0,0,1,1,1,36111
Ulster,2011,Crimes Against Persons,0,0,0,0,1,0,0,0,0,0,0,0,0,0,0,0,0,0,0,0,0,0,0,0,0,0,0,0,0,0,0,1,0,0,0,0,0,0,2,3,4,36111
Ulster,2011,Property Crimes,0,0,0,0,0,0,3,0,0,0,0,0,0,0,0,0,0,0,0,1,0,0,0,0,0,0,0,0,0,0,0,0,0,0,0,0,0,0,4,4,4,36111
Ulster,2012,Property Crimes,0,0,0,0,1,0,0,0,0,0,0,0,0,0,0,0,0,0,0,0,0,0,0,0,0,0,0,0,0,0,0,0,0,0,0,0,0,0,1,1,1,36111
Ulster,2013,Crimes Against Persons,0,0,0,0,0,0,3,0,0,0,0,0,0,0,0,0,0,0,0,0,0,0,0,0,0,0,0,0,0,0,0,0,0,0,0,0,0,0,3,3,3,36111
Ulster,2013,Property Crimes,0,0,0,0,0,0,0,0,0,0,0,0,1,0,0,0,0,0,0,0,0,0,0,0,0,0,0,0,0,0,0,0,0,0,0,0,0,0,1,1,1,36111
Ulster,2014,Crimes Against Persons,0,0,0,0,0,0,0,0,0,0,0,0,1,0,0,0,0,0,0,0,0,0,0,0,0,0,0,0,0,0,0,0,0,0,0,0,0,0,1,1,1,36111
Ulster,2015,Property Crimes,0,0,0,0,0,0,0,0,0,0,0,0,1,0,0,0,0,0,0,0,0,0,0,0,0,0,0,0,0,0,0,0,0,0,0,0,0,0,1,1,1,36111
Warren,2012,Property Crimes,0,0,0,0,0,0,0,0,0,0,0,0,1,0,0,0,0,0,0,0,0,0,0,0,0,0,0,0,0,0,0,0,0,0,0,0,0,0,1,1,1,36113
Warren,2015,Crimes Against Persons,0,0,0,0,0,0,0,0,0,0,0,0,0,0,0,0,0,0,0,0,0,0,0,0,0,0,0,1,0,0,0,0,0,0,0,0,0,0,1,1,1,36113
Washington,2010,Crimes Against Persons,0,0,0,0,0,0,0,0,0,0,0,0,0,0,0,0,0,0,0,0,0,0,0,0,0,0,0,1,0,0,0,0,0,0,0,0,0,0,1,1,1,36115
Washington,2012,Crimes Against Persons,0,0,0,0,0,0,2,0,0,0,0,0,0,0,0,0,0,0,0,0,0,0,0,0,0,0,0,0,0,0,0,0,0,0,0,0,0,0,2,2,2,36115
Washington,2014,Crimes Against Persons,0,0,0,0,0,0,0,0,0,0,0,0,0,0,0,0,0,0,0,0,0,0,0,0,0,0,0,0,0,0,0,0,1,0,0,0,0,0,1,1,1,36115
Washington,2014,Property Crimes,0,0,0,0,0,0,0,0,0,0,0,0,0,0,0,0,1,0,0,0,0,0,0,0,0,0,0,0,0,0,0,0,0,0,0,0,0,0,1,1,1,36115
Wayne,2010,Crimes Against Persons,0,0,0,0,0,0,2,0,0,0,0,0,0,0,0,0,0,0,0,0,0,0,0,0,0,0,0,0,0,0,0,1,0,0,0,0,0,0,3,3,3,36117
Wayne,2011,Crimes Against Persons,0,0,0,0,0,0,1,0,0,0,0,0,0,0,0,0,0,0,0,0,0,0,0,0,0,0,0,0,0,0,0,0,0,0,0,0,0,0,1,1,1,36117
Wayne,2014,Property Crimes,0,0,0,0,0,0,1,0,0,0,0,0,0,0,0,0,0,0,0,0,0,0,0,0,0,0,0,0,0,0,0,0,0,0,0,0,0,0,1,1,1,36117
Westchester,2010,Crimes Against Persons,0,0,0,0,0,1,3,0,0,0,0,0,6,0,0,0,0,0,0,0,0,0,0,0,0,0,0,0,0,1,0,4,0,1,0,0,0,0,16,16,21,36119
Westchester,2010,Property Crimes,0,0,0,0,0,1,1,0,0,0,0,0,5,0,0,0,0,0,0,0,0,0,0,0,0,0,0,1,0,0,0,0,0,1,0,0,0,0,9,9,11,36119
Westchester,2011,Crimes Against Persons,0,0,0,0,0,2,5,0,1,0,0,0,3,0,0,0,0,0,0,0,0,0,0,0,0,0,0,0,1,0,0,3,0,1,0,0,0,1,17,20,24,36119
Westchester,2011,Property Crimes,0,0,0,0,0,0,2,0,0,0,1,0,4,12,1,1,0,0,0,1,0,0,0,0,0,0,0,0,0,1,0,1,0,0,0,0,0,0,24,24,24,36119
Westchester,2012,Crimes Against Persons,1,1,0,0,0,1,2,0,0,0,0,0,0,0,0,0,0,0,0,0,0,0,0,0,0,0,0,0,1,1,0,6,0,0,0,0,0,0,13,13,15,36119
Westchester,2012,Property Crimes,0,0,0,0,0,0,1,0,0,0,0,0,3,2,0,0,0,0,0,0,0,0,0,0,0,0,0,0,0,0,0,1,1,0,0,0,0,0,8,8,8,36119
Westchester,2013,Crimes Against Persons,0,1,0,1,0,0,3,0,0,0,0,0,1,0,0,0,0,0,0,0,0,0,0,0,0,0,0,2,0,0,0,1,0,0,0,0,0,0,9,9,9,36119
Westchester,2013,Property Crimes,1,0,0,0,0,0,1,0,0,0,0,0,7,1,1,0,0,0,0,1,0,0,0,0,0,0,0,0,0,0,0,0,0,0,0,0,0,0,12,12,12,36119
Westchester,2014,Crimes Against Persons,0,0,0,0,0,1,3,0,0,0,0,0,1,0,0,0,0,0,0,0,0,0,0,0,0,0,0,0,0,3,0,5,0,0,0,0,0,0,13,13,14,36119
Westchester,2014,Property Crimes,0,0,0,0,0,0,0,0,0,0,0,0,3,0,0,0,0,0,0,0,0,0,0,0,0,0,0,0,0,1,0,0,0,0,0,0,0,0,4,4,4,36119
Westchester,2015,Crimes Against Persons,0,0,0,1,0,0,2,0,0,0,0,0,1,0,0,1,0,0,0,0,0,0,0,0,0,0,0,0,0,0,0,2,0,0,0,0,0,0,7,8,11,36119
Westchester,2015,Property Crimes,0,0,0,0,0,0,4,0,0,0,0,0,3,0,0,0,0,0,0,0,0,0,0,0,0,0,0,0,0,0,0,0,0,0,0,0,0,0,7,7,7,36119
